Time,Frequency_dev,Power_dev
0.0,-4.6597423707878954e-06,0.4901499938964804
0.008333333333333333,-1.1996253480396015e-05,0.46070999145507585
0.016666666666666666,-1.732687695879811e-05,0.4443943786621105
0.025,-2.2605968288147523e-05,0.42939086914062585
0.03333333333333333,-2.7686102175215184e-05,0.4165319824218727
0.041666666666666664,-3.262185783768563e-05,0.4049700927734392
0.05,-3.7417809120204876e-05,0.3942694091796852
0.058333333333333334,-4.208296845842731e-05,0.38411285400390227
0.06666666666666667,-4.662014779273517e-05,0.37429046630859375
0.075,-5.103279256912439e-05,0.3645820617675781
0.08333333333333333,-5.5319632877564865e-05,0.3548783874511727
0.09166666666666666,-5.948019169522062e-05,0.3450468444824182
0.1,-6.351197256539186e-05,0.33506454467773494
0.10833333333333334,-6.741300218989659e-05,0.3248397827148395
0.11666666666666667,-7.117948965601694e-05,0.314328155517579
0.125,-7.480766007062567e-05,0.3035684204101514
0.13333333333333333,-7.829471477880061e-05,0.29250976562499886
0.14166666666666666,-8.163693818002178e-05,0.28115524291992244
0.15,-8.483056921443371e-05,0.26954788208007585
0.15833333333333333,-8.787305516745821e-05,0.2576672363281247
0.16666666666666666,-9.076113104284366e-05,0.2455723571777355
0.175,-9.349246314720173e-05,0.23326629638671648
0.18333333333333332,-9.606485239687714e-05,0.2207786560058551
0.19166666666666665,-9.847658590299516e-05,0.20815017700195426
0.2,-0.00010072607829032256,0.19542984008788977
0.20833333333333334,-0.00010281299411741991,0.18265258789062244
0.21666666666666667,-0.00010473687363148154,0.16984344482421676
0.225,-0.00010649757066205885,0.1570857238769534
0.23333333333333334,-0.00010809645892210465,0.14439514160156364
0.24166666666666667,-0.00010953471178975612,0.13182479858398466
0.25,-0.00011081447657184046,0.11942932128906136
0.2583333333333333,-0.00011193794190334689,0.10724990844726534
0.26666666666666666,-0.00011290865945522808,0.09534652709960767
0.275,-0.00011373036710677434,0.08374893188476307
0.2833333333333333,-0.00011440715517730382,0.07252212524414148
0.2916666666666667,-0.00011494400741771663,0.06168563842773267
0.3,-0.00011534597009679216,0.051303863525390625
0.30833333333333335,-0.00011561905484330545,0.04141296386718807
0.31666666666666665,-0.00011576946786430731,0.03205856323241818
0.325,-0.00011580486117247643,0.02322540283203267
0.3333333333333333,-0.00011573087724050102,0.015007171630855964
0.3416666666666667,-0.00011555624915087447,0.007386322021481817
0.35,-0.00011528784757337078,0.00039764404296960265
0.35833333333333334,-0.00011493418230588958,-0.005933837890623295
0.36666666666666664,-0.00011450330438976997,-0.011632385253911082
0.375,-0.00011400249774355373,-0.01662506103515682
0.3833333333333333,-0.0001134414181650128,-0.020968017578127274
0.39166666666666666,-0.00011282740972274062,-0.024644165039063637
0.4,-0.00011216906732666828,-0.02764907836914432
0.4083333333333333,-0.00011147432052385141,-0.030016326904295454
0.4166666666666667,-0.00011075100472150892,-0.03172821044922358
0.425,-0.00011000750663813453,-0.032852478027344034
0.43333333333333335,-0.00010925058664855929,-0.03338485717773665
0.44166666666666665,-0.00010848704479920024,-0.03336761474609773
0.45,-0.00010772425371056306,-0.03281555175781392
0.4583333333333333,-0.00010696795204761856,-0.03178710937500284
0.4666666666666667,-0.00010622412137930996,-0.030306701660158808
0.475,-0.00010549810121300247,-0.02843124389648466
0.48333333333333334,-0.0001047942484165904,-0.026186523437502274
0.49166666666666664,-0.0001041172149190337,-0.023625946044923296
0.5,-0.00010347018538373711,-0.020798492431644888
0.5083333333333333,-0.00010285659131460175,-0.01774810791015824
0.5166666666666666,-0.00010227896636038795,-0.014527587890626137
0.525,-0.00010173896774343304,-0.011166076660160229
0.5333333333333333,-0.0001012382008098682,-0.0077355957031244316
0.5416666666666666,-0.00010077689046801089,-0.004279022216799433
0.55,-0.00010035566108191872,-0.0007937622070315342
0.5583333333333333,-9.997485302744287e-05,0.002615356445311079
0.5666666666666667,-9.963262603347606e-05,0.005948486328122726
0.575,-9.932846589949461e-05,0.009165496826170738
0.5833333333333334,-9.906061784750916e-05,0.012248840332027555
0.5916666666666667,-9.882751753431299e-05,0.015127868652342613
0.6,-9.862632281021447e-05,0.017814331054687216
0.6083333333333333,-9.845477500574442e-05,0.020291595458985512
0.6166666666666667,-9.831022745538847e-05,0.022531280517576135
0.625,-9.818988169394637e-05,0.024515533447264204
0.6333333333333333,-9.808992107469192e-05,0.026248931884765625
0.6416666666666666,-9.800822770754623e-05,0.0277099609375
0.65,-9.794084593384527e-05,0.028917999267576988
0.6583333333333333,-9.78849769426185e-05,0.02986846923828068
0.6666666666666666,-9.783796608114223e-05,0.030569610595698293
0.675,-9.779644001375355e-05,0.03103027343750142
0.6833333333333333,-9.775742315960307e-05,0.03127136230468608
0.6916666666666667,-9.771864557760606e-05,0.03130462646484489
0.7,-9.76774126198579e-05,0.031142425537105112
0.7083333333333334,-9.763183383504375e-05,0.03081863403320284
0.7166666666666667,-9.75798382190304e-05,0.030354309082028408
0.725,-9.752000247903281e-05,0.029753875732417612
0.7333333333333333,-9.745112377663617e-05,0.02907623291015682
0.7416666666666667,-9.737182687536336e-05,0.025646972656247158
0.75,-9.74225651058658e-05,0.02658126831054375
0.7583333333333333,-9.726899770715026e-05,0.023791503906245737
0.7666666666666666,-9.729422870034956e-05,0.024722137451171022
0.775,-9.711554252605711e-05,0.02202941894530852
0.7833333333333333,-9.711654080485346e-05,0.02052352905273125
0.7916666666666666,-9.704855085012563e-05,0.019738006591794033
0.8,-9.697393474757076e-05,0.018998107910157103
0.8083333333333333,-9.688837669053189e-05,0.018422088623047728
0.8166666666666667,-9.679581908670795e-05,0.017995910644529545
0.825,-9.669735479248859e-05,0.017724761962888635
0.8333333333333334,-9.659534900413002e-05,0.017635803222653124
0.8416666666666667,-9.649183738985836e-05,0.01770980834960767
0.85,-9.638893938709468e-05,0.017972564697267046
0.8583333333333333,-9.628907092832738e-05,0.01840057373046733
0.8666666666666667,-9.619426183079245e-05,0.01901641845702784
0.875,-9.610688380863746e-05,0.019815216064451135
0.8833333333333333,-9.602897387538922e-05,0.02078231811523068
0.8916666666666666,-9.596276195231232e-05,0.02192138671875199
0.9,-9.591019331131293e-05,0.023218841552733238
0.9083333333333333,-9.587336993047046e-05,0.024671783447267615
0.9166666666666666,-9.585382462712714e-05,0.02625839233398608
0.9249999999999999,-9.585299863305284e-05,0.02797286987304659
0.9333333333333333,-9.587324377116387e-05,0.029783935546873863
0.9416666666666667,-9.591478129249822e-05,0.031699676513667896
0.95,-9.597913671380134e-05,0.0337057495117179
0.9583333333333334,-9.606729101304019e-05,0.0357540893554642
0.9666666666666667,-9.617985866984416e-05,0.037851715087889204
0.975,-9.631685960583277e-05,0.03997375488280852
0.9833333333333333,-9.647918413408574e-05,0.042126159667965624
0.9916666666666667,-9.666644951081533e-05,0.04426437377929204
1.0,-9.68788309462387e-05,0.046386871337887214
1.0083333333333333,-9.711571270494833e-05,0.04848587036132557
1.0166666666666666,-9.737686015188937e-05,0.050529174804687216
1.025,-9.766131559807252e-05,0.05253677368163778
1.0333333333333332,-9.796922666930225e-05,0.05446151733398352
1.0416666666666667,-9.829880101526352e-05,0.05633407592772954
1.05,-9.864966536512213e-05,0.058112792968749716
1.0583333333333333,-9.90203767960373e-05,0.05983383178710966
1.0666666666666667,-9.941058648665927e-05,0.06146804809570483
1.075,-9.981891869704971e-05,0.06302307128905937
1.0833333333333333,-0.00010024482737311912,0.06448348999023068
1.0916666666666666,-0.00010068651357110085,0.06587875366210483
1.1,-0.0001011436136713378,0.06720214843749517
1.1083333333333334,-0.00010161512667815043,0.06845687866211136
1.1166666666666667,-0.00010210000649297084,0.06966339111328068
1.125,-0.00010259784493942255,0.07081390380859176
1.1333333333333333,-0.0001031085360212828,0.0719155883789071
1.1416666666666666,-0.00010363052559597634,0.072998046875
1.15,-0.00010416456275779331,0.07405670166015454
1.1583333333333332,-0.00010470927562529526,0.0751055908203142
1.1666666666666667,-0.00010526580666098576,0.07614807128906165
1.175,-0.00010583355004016739,0.0771995544433608
1.1833333333333333,-0.00010641254486361793,0.07827621459960454
1.1916666666666667,-0.0001070033621892934,0.07939376831054545
1.2,-0.0001076060304147004,0.08052886962890682
1.2083333333333333,-0.00010822154026343335,0.08170150756836136
1.2166666666666666,-0.00010884988038338857,0.08292633056640142
1.225,-0.0001094916674594044,0.0842132568359375
1.2333333333333334,-0.00011014810832719608,0.08555892944335852
1.2416666666666667,-0.00011081951904371824,0.08693939208983892
1.25,-0.0001115063129119449,0.0883807373046892
1.2583333333333333,-0.0001122093349162079,0.08987167358398551
1.2666666666666666,-0.00011292867928915165,0.0914315795898446
1.275,-0.00011366578918111894,0.09300155639648011
1.2833333333333332,-0.00011442051466336082,0.09462722778319943
1.2916666666666667,-0.00011519355667776663,0.09626754760741818
1.3,-0.00011598448321691968,0.09792327880859375
1.3083333333333333,-0.00011679382934335959,0.09956695556640227
1.3166666666666667,-0.00011762148406074727,0.10121276855468864
1.325,-0.00011846679488676297,0.10282409667968295
1.3333333333333333,-0.00011932970453196687,0.10438369750976761
1.3416666666666666,-0.00012020917217222377,0.10588714599609261
1.35,-0.00012110463430395829,0.10732147216796761
1.3583333333333334,-0.00012201511211498958,0.10864059448242358
1.3666666666666667,-0.0001229389163281943,0.10986007690429744
1.375,-0.0001238747235438787,0.11093994140625085
1.3833333333333333,-0.0001248205577650464,0.11186248779296903
1.3916666666666666,-0.00012577461670931834,0.11264053344726221
1.4,-0.00012673503129414203,0.11321807861327926
1.4083333333333332,-0.00012769912046342022,0.1136044311523392
1.4166666666666667,-0.0001286645159492091,0.11377609252929233
1.425,-0.000129628450906623,0.11372314453124943
1.4333333333333333,-0.00013058795916945338,0.11345169067382699
1.4416666666666667,-0.0001315406300788231,0.11294067382812045
1.45,-0.00013248308312577511,0.11217498779296875
1.4583333333333333,-0.00013341262898200931,0.1111512756347608
1.4666666666666666,-0.00013432572935073424,0.1098822021484338
1.475,-0.0001352194787406079,0.1083625793457017
1.4833333333333334,-0.00013609054690336874,0.10658859252929886
1.4916666666666667,-0.00013693639235252492,0.10456695556640483
1.5,-0.0001377536522306466,0.10230453491210767
1.5083333333333333,-0.00013853962598709663,0.09981552124023096
1.5166666666666666,-0.00013929140993740826,0.09709106445312443
1.525,-0.00014000641265963148,0.09416931152343722
1.5333333333333332,-0.00014068204253141756,0.09105514526367386
1.5416666666666667,-0.0001413164978075221,0.08775909423827954
1.55,-0.00014190749752163683,0.08429885864257614
1.5583333333333333,-0.00014245266630479866,0.08069992065429688
1.5666666666666667,-0.00014295113422712192,0.07697341918945
1.575,-0.00014340096468148803,0.073158721923825
1.5833333333333333,-0.00014380159902810082,0.06926345825195312
1.5916666666666666,-0.0001441522964645843,0.06530883789062614
1.6,-0.00014445220160804026,0.06132019042968295
1.6083333333333334,-0.00014470117346635988,0.0573300170898392
1.6166666666666667,-0.0001448994616954795,0.053334808349610796
1.625,-0.00014504696478186922,0.04938201904296591
1.6333333333333333,-0.0001451447935414362,0.04549819946289091
1.6416666666666666,-0.00014519326640471193,0.041665954589845455
1.65,-0.00014519375524163668,0.03794754028319858
1.6583333333333332,-0.00014514744128039863,0.03432312011718608
1.6666666666666667,-0.00014505574744665874,0.030854187011719603
1.675,-0.0001449210997183098,0.02752075195312642
1.6833333333333333,-0.00014474492768181159,0.024340820312495737
1.6916666666666667,-0.00014452916797056444,0.021329956054685795
1.7,-0.00014427619065610222,0.018524322509762214
1.7083333333333333,-0.0001439886683646283,0.015890808105467613
1.7166666666666666,-0.00014366833196424622,0.013465576171874716
1.7249999999999999,-0.00014331869385429918,0.011233367919921022
1.7333333333333334,-0.00014294130037658973,0.009222717285155113
1.7416666666666667,-0.0001425394498502533,0.007417144775388351
1.75,-0.00014211528589280667,0.0058091735839838066
1.7583333333333333,-0.00014167184000870567,0.004423675537104543
1.7666666666666666,-0.00014121154426336972,0.003237152099607954
1.775,-0.00014073703821061698,0.002236938476563921
1.7833333333333332,-0.00014025013076734343,0.001454467773434942
1.7916666666666667,-0.000139754068758386,0.0008378601074170433
1.8,-0.00013925053585626997,0.00039810180663835126
1.8083333333333333,-0.0001387416690078577,0.00013900756835738548
1.8166666666666667,-0.00013822991149762043,2.5177001951703915e-05
1.825,-0.00013771707789633075,7.43103027360803e-05
1.8333333333333333,-0.00013720468219287073,0.00024383544921846578
1.8416666666666666,-0.00013669460352915954,0.0005436706542951697
1.8499999999999999,-0.0001361881811889658,0.0009777832031261369
1.8583333333333334,-0.00013568734238365754,0.0015098571777301117
1.8666666666666667,-0.00013519290520880078,0.0021292114257818184
1.875,-0.00013470614101130206,0.0028437805175798303
1.8833333333333333,-0.00013422832186903098,0.0036206054687468736
1.8916666666666666,-0.00013375972580093552,0.004471893310544317
1.9,-0.00013330184193001077,0.005371551513668749
1.9083333333333332,-0.00013285479950039196,0.006346435546873863
1.9166666666666667,-0.0001324198151040988,0.007345886230467613
1.925,-0.00013199703023095198,0.008378753662107385
1.9333333333333333,-0.00013158653003733374,0.009457855224610512
1.9416666666666667,-0.00013118950391850776,0.010550231933592613
1.95,-0.00013080579149952302,0.011679687499999147
1.9583333333333333,-0.000130436128498866,0.012817535400387214
1.9666666666666666,-0.0001300801791876397,0.013985137939449999
1.9749999999999999,-0.00012973856613288228,0.015166015624998863
1.9833333333333334,-0.00012941144071623451,0.0163664245605446
1.9916666666666667,-0.00012909920719643902,0.017585906982418464
2.0,-0.00012880184259661463,0.018812408447267615
2.0083333333333333,-0.0001285200465322402,0.020070648193360796
2.0166666666666666,-0.000128253551971811,0.02134155273437699
2.025,-0.0001280030498906576,0.022632598876953125
2.033333333333333,-0.00012776829696676224,0.023951416015620453
2.0416666666666665,-0.00012754998216489612,0.02530303955077784
2.05,-0.00012734864013119632,0.026675109863276703
2.058333333333333,-0.000127164271821664,0.02807189941405852
2.0666666666666664,-0.00012699740593288928,0.02951873779296932
2.075,-0.00012684885583463836,0.030984802246095455
2.0833333333333335,-0.00012671816058485336,0.0324787902832
2.091666666666667,-0.00012660663717703423,0.03400482177734432
2.1,-0.00012651386147681198,0.035569915771482385
2.1083333333333334,-0.00012644076129649559,0.03716552734374545
2.1166666666666667,-0.0001263875037983162,0.03878906250000114
2.125,-0.00012635461499483294,0.04043838500976449
2.1333333333333333,-0.0001263425010485778,0.042099151611324714
2.1416666666666666,-0.00012635086669480106,0.04381271362304773
2.15,-0.00012638073818272598,0.0455169677734375
2.158333333333333,-0.0001264315311147303,0.04724456787108977
2.1666666666666665,-0.00012650383821977325,0.048974761962888635
2.175,-0.00012659733777881064,0.0507077026367142
2.183333333333333,-0.00012671259689766984,0.05243026733398182
2.1916666666666664,-0.0001268487456366096,0.05414871215820227
2.2,-0.00012700615683445665,0.05583633422851619
2.2083333333333335,-0.00012718438586523543,0.05750823974609176
2.216666666666667,-0.00012738288952150598,0.05913955688476591
2.225,-0.0001276014451404038,0.06073501586914176
2.2333333333333334,-0.00012783939649116456,0.062268829345704546
2.2416666666666667,-0.00012809578336585076,0.0637503051757804
2.25,-0.0001283701246921729,0.0651721191406267
2.2583333333333333,-0.00012866149029245813,0.06651763916015341
2.2666666666666666,-0.000128969266749027,0.06777847290038608
2.275,-0.00012929171024012376,0.06896102905272983
2.283333333333333,-0.0001296284158105376,0.07005447387695085
2.2916666666666665,-0.00012997778203505643,0.07103988647460824
2.3,-0.00013033872279282822,0.07194320678711108
2.308333333333333,-0.0001307100303537345,0.07273269653320114
2.3166666666666664,-0.0001310903037407193,0.07341308593749574
2.325,-0.0001314783870464854,0.07398391723632614
2.3333333333333335,-0.00013187247891837309,0.07445816040038977
2.341666666666667,-0.0001322716370200826,0.07481430053710625
2.35,-0.0001326744290893364,0.0750526428222642
2.3583333333333334,-0.00013307925306358826,0.07520217895507386
2.3666666666666667,-0.00013348541511100246,0.0752357482910142
2.375,-0.00013389095706679746,0.07515701293944943
2.3833333333333333,-0.00013429467220941964,0.07500076293945312
2.3916666666666666,-0.00013469586723924003,0.07472534179687074
2.4,-0.0001350928576312169,0.07437271118163835
2.408333333333333,-0.00013548464679023295,0.0739288330078125
2.4166666666666665,-0.00013587039455713416,0.07341323852539006
2.425,-0.0001362487903889647,0.07283187866210739
2.433333333333333,-0.00013661943776533534,0.07217102050780966
2.4416666666666664,-0.00013698130799281343,0.07145477294921676
2.45,-0.00013733357963804176,0.07068740844726307
2.4583333333333335,-0.00013767597146911988,0.0698753356933608
2.466666666666667,-0.0001380073522031733,0.06903244018554489
2.475,-0.00013832833751976068,0.06814224243164091
2.4833333333333334,-0.00013863735880323698,0.06724853515624574
2.4916666666666667,-0.0001389351206790529,0.06632766723632955
2.5,-0.00013922083149443864,0.06540435791015398
2.5083333333333333,-0.00013949448330078613,0.06446228027343892
2.5166666666666666,-0.00013975611315381902,0.06353378295898438
2.525,-0.00014000599443538675,0.06260803222656364
2.533333333333333,-0.00014024379148229685,0.06169769287109261
2.5416666666666665,-0.00014047008081419617,0.06079605102539176
2.55,-0.00014068464679039397,0.059896087646485796
2.558333333333333,-0.00014088773339816652,0.05902221679687614
2.5666666666666664,-0.00014107948531893308,0.0581674194335946
2.575,-0.00014126008953305964,0.05734603881835909
2.5833333333333335,-0.00014143004780319858,0.056533355712886646
2.591666666666667,-0.00014158934565463744,0.05575149536132784
2.6,-0.00014173840241545751,0.05498992919921619
2.6083333333333334,-0.00014187730707754397,0.054239044189451135
2.6166666666666667,-0.0001420066307645575,0.05351333618163778
2.625,-0.00014212606059307324,0.05280014038086023
2.6333333333333333,-0.0001422361364294547,0.052114105224610796
2.6416666666666666,-0.0001423368844635356,0.05141769409179631
2.65,-0.00014242827861718,0.0507444763183571
2.658333333333333,-0.0001425103666296713,0.050084533691403976
2.6666666666666665,-0.0001425838026456545,0.049411773681640625
2.675,-0.000142647666412129,0.04874526977538807
2.683333333333333,-0.00014270249754906624,0.0480679321289017
2.6916666666666664,-0.00014274780543730564,0.047397460937496305
2.7,-0.00014278426679921807,0.04670410156249716
2.7083333333333335,-0.0001428107969693074,0.04600769042968267
2.716666666666667,-0.0001428276816342425,0.04529464721679233
2.725,-0.00014283475932180635,0.04456039428711023
2.7333333333333334,-0.0001428315309698037,0.043820953369142046
2.7416666666666667,-0.00014281834323215539,0.04305465698242017
2.75,-0.00014279451972322636,0.04227691650390142
2.7583333333333333,-0.00014275967248393034,0.041485290527340624
2.7666666666666666,-0.00014271422763948412,0.040687713623043464
2.775,-0.0001426578070618447,0.03985931396483977
2.783333333333333,-0.0001425897958845472,0.03902328491210483
2.7916666666666665,-0.0001425104066289588,0.03816848754882329
2.8,-0.00014241961052469966,0.03731521606444943
2.808333333333333,-0.00014231695350405037,0.03646286010742017
2.8166666666666664,-0.00014220268816979629,0.03560226440429659
2.825,-0.00014207671360631896,0.034736785888668464
2.8333333333333335,-0.00014193914558503564,0.033897552490230964
2.841666666666667,-0.00014179011797732443,0.03306228637695341
2.85,-0.00014162996492367484,0.03224685668945426
2.8583333333333334,-0.00014145881677370107,0.03144332885742074
2.8666666666666667,-0.00014127695341400293,0.030674743652340908
2.875,-0.0001410846500513737,0.029942626953122442
2.8833333333333333,-0.00014088247092856502,0.02923065185546392
2.8916666666666666,-0.00014067064465634577,0.028586273193354828
2.9,-0.00014045043750923118,0.027983703613280397
2.908333333333333,-0.00014022169910100446,0.027432556152341192
2.9166666666666665,-0.00013998566743515545,0.026938018798823293
2.925,-0.00013974268342138496,0.026502685546873295
2.933333333333333,-0.00013949386148113727,0.026141204833983522
2.9416666666666664,-0.00013923976940520967,0.025848693847656534
2.95,-0.00013898154612941414,0.025621795654295454
2.9583333333333335,-0.00013872001728070082,0.025479736328122726
2.966666666666667,-0.00013845623156282305,0.02539627075195483
2.975,-0.00013819066943209017,0.025408782958983522
2.9833333333333334,-0.0001379247166910923,0.025482482910156534
2.9916666666666667,-0.00013765911499307937,0.025640716552736365
3.0,-0.0001373951062493194,0.025887756347657387
3.0083333333333333,-0.00013713330904515484,0.02620147705078324
3.0166666666666666,-0.00013687492168867164,0.026592864990234943
3.025,-0.00013662084121123978,0.02705780029296534
3.033333333333333,-0.00013637185922949158,0.027607879638672728
3.0416666666666665,-0.00013612920720274387,0.02820831298827642
3.05,-0.000135893185177395,0.028872375488276703
3.058333333333333,-0.00013566478847553662,0.029615631103517615
3.0666666666666664,-0.00013544505064288232,0.03040557861327642
3.075,-0.0001352342317856771,0.031261444091796875
3.0833333333333335,-0.00013503353644901147,0.03214614868164034
3.091666666666667,-0.000134842705778312,0.03309326171874716
3.1,-0.0001346631971202108,0.034063568115236365
3.1083333333333334,-0.00013449471980434883,0.0350889587402321
3.1166666666666667,-0.0001343382993588419,0.036138610839842045
3.125,-0.00013419385505250944,0.037212829589840624
3.1333333333333333,-0.00013406189995739942,0.038309020996095455
3.1416666666666666,-0.00013394258714868735,0.03942108154296875
3.15,-0.00013383626810136565,0.04055007934569943
3.158333333333333,-0.00013374319623788393,0.04168136596679517
3.1666666666666665,-0.00013366303288578143,0.04281860351562017
3.175,-0.00013359598919155766,0.043950500488278976
3.183333333333333,-0.00013354189898183498,0.04510223388671619
3.1916666666666664,-0.0001335012770731173,0.04623703002929602
3.2,-0.00013347355265876841,0.04736541748047074
3.2083333333333335,-0.000133458918555361,0.04848266601562301
3.216666666666667,-0.00013345705780907325,0.04960067749023267
3.225,-0.0001334681671557543,0.05070785522460852
3.2333333333333334,-0.0001334921303952647,0.05179687500000085
3.2416666666666667,-0.00013352861745258407,0.05287796020507329
3.25,-0.00013357741292520066,0.05394851684570057
3.2583333333333333,-0.00013363874484239815,0.05499603271483977
3.2666666666666666,-0.00013371184662590554,0.05604034423827642
3.275,-0.0001337970845506651,0.05706222534179517
3.283333333333333,-0.00013389427654279806,0.058080139160153976
3.2916666666666665,-0.00013400317770830543,0.059083862304689205
3.3,-0.00013412351648699647,0.060088806152343466
3.308333333333333,-0.00013425574330655856,0.06106811523437017
3.3166666666666664,-0.00013439893351178633,0.06204910278319886
3.3249999999999997,-0.00013455355724337477,0.06301193237304403
3.3333333333333335,-0.00013471932032891226,0.06398056030273125
3.341666666666667,-0.00013489631880873968,0.06493377685546875
3.35,-0.00013508420756642254,0.0658802795410125
3.3583333333333334,-0.00013528325416238698,0.0668173217773429
3.3666666666666667,-0.00013549309783101728,0.06775375366211023
3.375,-0.00013571386956254716,0.06869125366210938
3.3833333333333333,-0.00013594545846083698,0.06961105346679375
3.3916666666666666,-0.00013618772659396733,0.07051055908203097
3.4,-0.00013644029736152596,0.0714308166503912
3.408333333333333,-0.00013670395515428735,0.07232315063476591
3.4166666666666665,-0.00013697754472692764,0.07319793701172017
3.425,-0.00013726123642177808,0.07406311035155966
3.433333333333333,-0.00013755483495506022,0.07491516113281449
3.4416666666666664,-0.0001378585175845092,0.07575424194335767
3.4499999999999997,-0.00013817151063412006,0.07654830932617074
3.4583333333333335,-0.0001384935813175997,0.07731933593749574
3.466666666666667,-0.0001388243683321977,0.07807815551757358
3.475,-0.0001391638251820892,0.0787945556640608
3.4833333333333334,-0.000139511267032034,0.07947448730468665
3.4916666666666667,-0.00013986616110683208,0.08011795043945114
3.5,-0.00014022807218447156,0.08070709228515227
3.5083333333333333,-0.00014059624193260253,0.08124832153320227
3.5166666666666666,-0.00014097019419692102,0.0817404174804679
3.525,-0.0001413494240149631,0.08218124389648551
3.533333333333333,-0.00014173294868155334,0.08255401611327784
3.5416666666666665,-0.00014212006526313322,0.0828642272949196
3.55,-0.00014251008482942646,0.08310684204101193
3.558333333333333,-0.00014290221323581812,0.08327575683593835
3.5666666666666664,-0.00014329532044617745,0.0833793640136733
3.5749999999999997,-0.00014368850182054768,0.08339157104492045
3.5833333333333335,-0.0001440808266359082,0.08334274291991761
3.591666666666667,-0.00014447163486705698,0.08319488525390284
3.6,-0.00014485928148888494,0.0829791259765642
3.6083333333333334,-0.00014524352050519933,0.08266098022460966
3.6166666666666667,-0.00014562227012317977,0.08227233886718466
3.625,-0.00014599560545955315,0.0817898559570267
3.6333333333333333,-0.00014636169837719992,0.08122360229491932
3.6416666666666666,-0.0001467197265360401,0.08057739257812102
3.65,-0.0001470689042295655,0.07982192993164006
3.658333333333333,-0.00014740753899726737,0.07900421142578296
3.6666666666666665,-0.00014773522777786845,0.07811004638671903
3.675,-0.00014805090409617718,0.07712432861328011
3.683333333333333,-0.00014835333691667118,0.07606079101562102
3.6916666666666664,-0.00014864156632544086,0.07491409301757557
3.6999999999999997,-0.00014891484905126185,0.07370346069335909
3.7083333333333335,-0.00014917218682190814,0.0724218749999963
3.716666666666667,-0.00014941294589235505,0.07107254028320398
3.725,-0.00014963608168838024,0.06965164184570227
3.7333333333333334,-0.00014984099850625087,0.06818908691406023
3.7416666666666667,-0.0001500269704815204,0.06665512084961023
3.75,-0.00015019332641100022,0.06507675170898608
3.7583333333333333,-0.00015033952329421963,0.0634487915039017
3.7666666666666666,-0.0001504649214628888,0.06177734375000199
3.775,-0.00015056871569953342,0.06006332397461023
3.783333333333333,-0.00015065114601630456,0.05831268310546989
3.7916666666666665,-0.00015071099071922408,0.056528472900389204
3.8,-0.0001507484112772239,0.05471527099609119
3.808333333333333,-0.0001507627765504647,0.05288330078124659
3.8166666666666664,-0.00015075409303219866,0.05102523803710568
3.8249999999999997,-0.00015072199353419023,0.0491494750976571
3.8333333333333335,-0.00015066628880598128,0.047260742187496874
3.841666666666667,-0.00015058678262093296,0.045366668701170454
3.85,-0.00015048355051463865,0.043451232910157955
3.8583333333333334,-0.00015035621571585429,0.041536712646482954
3.8666666666666667,-0.0001502047945390196,0.03961242675781307
3.875,-0.00015002943243265442,0.03768447875976477
3.8833333333333333,-0.0001498301096311876,0.03575637817382926
3.8916666666666666,-0.00014960644258266536,0.03383422851562301
3.9,-0.00014935895405219956,0.03191650390624545
3.908333333333333,-0.00014908747210083824,0.03000213623046477
3.9166666666666665,-0.00014879217751629362,0.028092193603512783
3.925,-0.0001484729025417084,0.026189422607423296
3.933333333333333,-0.00014813018852508373,0.024295196533202557
3.9416666666666664,-0.000147763781444416,0.022407226562499716
3.9499999999999997,-0.00014737397843374935,0.020531005859375284
3.9583333333333335,-0.00014696093956250873,0.018669281005855964
3.966666666666667,-0.00014652480211870886,0.016819763183590908
3.975,-0.00014606561323222354,0.014979400634764772
3.9833333333333334,-0.00014558377126316942,0.013156433105464771
3.9916666666666667,-0.00014507942680473267,0.011359863281249716
4.0,-0.00014455280028582315,0.009560852050782387
4.008333333333333,-0.00014400394052656415,0.007794342041016478
4.016666666666667,-0.0001434333756535587,0.006046295166015625
4.025,-0.00014284118765130183,0.0043176269531244316
4.033333333333333,-0.00014222770952852204,0.00261672973632443
4.041666666666667,-0.000141593284266256,0.0009335327148392025
4.05,-0.0001409382733775087,-0.0007168579101559658
4.058333333333334,-0.0001402630583018325,-0.0023387145996096592
4.066666666666666,-0.00013956802761757917,-0.003936004638674717
4.075,-0.00013885354391695096,-0.005493469238281534
4.083333333333333,-0.0001381200782999293,-0.0070069885253900566
4.091666666666667,-0.00013736821111345106,-0.008486175537107954
4.1,-0.00013659847488796671,-0.009926605224613638
4.108333333333333,-0.0001358113506760545,-0.011318206787109375
4.116666666666666,-0.0001350074194094217,-0.012654571533204262
4.125,-0.00013418760198333085,-0.013943634033203978
4.133333333333333,-0.00013335234269523484,-0.015190734863281818
4.141666666666667,-0.00013250196629644288,-0.016360778808596876
4.15,-0.00013163786898564745,-0.017469635009767615
4.158333333333333,-0.0001307608219272972,-0.018517761230469887
4.166666666666667,-0.0001298711137253431,-0.019497680664066763
4.175,-0.0001289701456360854,-0.020416717529300854
4.183333333333334,-0.00012805849006606614,-0.021256408691407103
4.191666666666666,-0.00012713729604003088,-0.022030487060547443
4.2,-0.00012620717198539859,-0.022705383300781534
4.208333333333333,-0.00012526969081489187,-0.023321838378905113
4.216666666666667,-0.00012432543409590955,-0.023842620849613638
4.225,-0.00012337562871308914,-0.02428436279296875
4.233333333333333,-0.00012242129634754514,-0.02463119506835909
4.241666666666666,-0.00012146350091774069,-0.02490097045898665
4.25,-0.00012050343362335084,-0.025073547363284376
4.258333333333333,-0.00011954214324533178,-0.02516693115234858
4.266666666666667,-0.00011858065974767777,-0.02516113281249943
4.275,-0.00011762038012739176,-0.025069885253905966
4.283333333333333,-0.00011666220122283648,-0.024882049560545738
4.291666666666667,-0.000115707467510904,-0.024619750976562216
4.3,-0.00011475690350663361,-0.024253082275393467
4.308333333333334,-0.00011381206506256151,-0.023797302246094887
4.316666666666666,-0.00011287383765837643,-0.02326614379882841
4.325,-0.00011194325375977344,-0.022646636962889488
4.333333333333333,-0.00011102138578327798,-0.021933746337893467
4.341666666666667,-0.00011010954461350956,-0.021136779785159376
4.35,-0.00010920865361786441,-0.020274505615233807
4.358333333333333,-0.00010831912668737219,-0.0193328857421875
4.366666666666666,-0.00010744248439368963,-0.018294372558592897
4.375,-0.00010657981867252136,-0.017198944091795454
4.383333333333333,-0.00010573155586098149,-0.016023406982419885
4.391666666666667,-0.00010489908658601673,-0.014777526855468182
4.4,-0.0001040828904653821,-0.013475799560545454
4.408333333333333,-0.00010328388783585149,-0.012105560302735796
4.416666666666667,-0.0001025027724619134,-0.010678558349610512
4.425,-0.00010174020776323137,-0.009183044433598297
4.433333333333334,-0.0001009973515361084,-0.007633361816409945
4.441666666666666,-0.00010027460012353144,-0.00604812622070483
4.45,-9.95722938446816e-05,-0.004400787353517899
4.458333333333333,-9.889151853705993e-05,-0.0027168273925823883
4.466666666666667,-9.823213211704082e-05,-0.0009797668457025566
4.475,-9.759558622974407e-05,0.0007925415039053973
4.483333333333333,-9.698151853510862e-05,0.002608795166011646
4.491666666666666,-9.63909219791853e-05,0.004455718994137214
4.5,-9.582422432241304e-05,0.006334991455076988
4.508333333333333,-9.528159940178387e-05,0.008260192871091476
4.516666666666667,-9.476362554299845e-05,0.010207519531249432
4.525,-9.42706072431171e-05,0.01217300415039091
4.533333333333333,-9.380271932716406e-05,0.014181823730467613
4.541666666666667,-9.33604981257768e-05,0.01620269775390426
4.55,-9.294432251767284e-05,0.018248291015623863
4.558333333333334,-9.255410151190607e-05,0.020311279296876705
4.566666666666666,-9.219021005724059e-05,0.02239471435546392
4.575,-9.185289109296511e-05,0.02449234008788892
4.583333333333333,-9.1542377210723e-05,0.026612091064450283
4.591666666666667,-9.125877899537856e-05,0.02873992919921875
4.6,-9.10022467362344e-05,0.030888214111328693
4.608333333333333,-9.077298677843005e-05,0.033039550781246874
4.616666666666666,-9.057136084276112e-05,0.03520355224609517
4.625,-9.03969687696276e-05,0.03736557006835994
4.633333333333333,-9.02500004238252e-05,0.03953948974609034
4.641666666666667,-9.013071540813783e-05,0.04171798706054375
4.65,-9.003896799233736e-05,0.04390441894530994
4.658333333333333,-8.99750148939566e-05,0.04607681274413977
4.666666666666667,-8.993828308965212e-05,0.04825317382812244
4.675,-8.992929540613368e-05,0.05041809082030824
4.683333333333334,-8.994755366246827e-05,0.05258056640624886
4.691666666666666,-8.999314193255553e-05,0.05473770141601619
4.7,-9.006583732767155e-05,0.05689025878906051
4.708333333333333,-9.016578700219059e-05,0.05902099609375
4.716666666666667,-9.029222716125067e-05,0.06113708496093295
4.725,-9.044556884841056e-05,0.06323593139648409
4.733333333333333,-9.062487537139126e-05,0.06531509399413693
4.741666666666666,-9.083051258873248e-05,0.06736267089843295
4.75,-9.106158423616486e-05,0.06938873291015568
4.758333333333333,-9.131811868327054e-05,0.07138320922851449
4.766666666666667,-9.159941748411172e-05,0.07335189819335852
4.775,-9.190541099268666e-05,0.07527648925780994
4.783333333333333,-9.223519787479867e-05,0.07716522216797017
4.791666666666667,-9.258847634287881e-05,0.07901382446289062
4.8,-9.296478326690758e-05,0.08081604003906051
4.808333333333334,-9.336322000821745e-05,0.08257843017577926
4.816666666666666,-9.378366709458242e-05,0.0842913818359392
4.825,-9.42250412312675e-05,0.08594818115233949
4.833333333333333,-9.46869606526614e-05,0.08754669189453068
4.841666666666667,-9.516851465181342e-05,0.08909622192382471
4.85,-9.566923118013268e-05,0.09057922363280824
4.858333333333333,-9.61879305740206e-05,0.0919996643066412
4.866666666666666,-9.672409274007658e-05,0.09336715698241704
4.875,-9.727698115657616e-05,0.09466720581054489
4.883333333333333,-9.784570552522312e-05,0.09588729858398182
4.891666666666667,-9.842907155740731e-05,0.09705154418945483
4.9,-9.902650790196611e-05,0.09815048217773636
4.908333333333333,-9.963736919156119e-05,0.09916397094726648
4.916666666666667,-0.00010026010623445518,0.10011505126953324
4.925,-0.00010089433587292165,0.10099716186523011
4.933333333333334,-0.00010153904951583511,0.10181091308593437
4.941666666666666,-0.00010219328738890818,0.10254318237304716
4.95,-0.00010285631286036113,0.10320281982421875
4.958333333333333,-0.00010352683903512706,0.10380096435546449
4.966666666666667,-0.00010420436060907832,0.10430847167968693
4.975,-0.0001048874451228238,0.10475921630859375
4.983333333333333,-0.00010557566960578634,0.10512985229492244
4.991666666666666,-0.00010626779764452606,0.10543563842773551
5.0,-0.00010696324295241479,0.10567214965820426
5.008333333333333,-0.00010766091578992246,0.1058403015136733
5.016666666666667,-0.00010835987175351985,0.10593261718749858
5.025,-0.00010905944350673099,0.10597457885742045
5.033333333333333,-0.0001097587548218892,0.10594116210937443
5.041666666666667,-0.0001104569859435671,0.10585235595703324
5.05,-0.00011115351972535203,0.10570465087890568
5.058333333333334,-0.00011184742358396328,0.1054795837402338
5.066666666666666,-0.00011253777344568072,0.10520721435546676
5.075,-0.00011322399133385918,0.10487319946288665
5.083333333333333,-0.00011390534336070523,0.10448791503905852
5.091666666666667,-0.00011458122094850077,0.10404632568359062
5.1,-0.0001152508058817689,0.10354995727539062
5.108333333333333,-0.00011591335295921409,0.10301940917968722
5.116666666666666,-0.00011656878326556505,0.10242828369140256
5.125,-0.00011721586270346743,0.10177871704101449
5.133333333333333,-0.00011785398591801124,0.10110687255859574
5.141666666666667,-0.00011848327253911348,0.10036636352538864
5.15,-0.00011910230995508494,0.09960281372070057
5.158333333333333,-0.00011971121398169345,0.09878601074218807
5.166666666666667,-0.00012030897272369594,0.0979399108886696
5.175,-0.00012089548112033818,0.09704391479492358
5.183333333333334,-0.0001214698435027983,0.09611663818359517
5.191666666666666,-0.00012203184075954269,0.09515548706054489
5.2,-0.00012258121999211553,0.09415496826171932
5.208333333333333,-0.0001231171411128165,0.09311157226562017
5.216666666666667,-0.00012363914539383094,0.09205154418945227
5.225,-0.00012414714902900524,0.09095718383788665
5.233333333333333,-0.00012464071123772258,0.08982986450195085
5.241666666666666,-0.00012511924284892503,0.0886759948730429
5.25,-0.00012558243193026112,0.08749114990234119
5.258333333333333,-0.00012603010588573346,0.08628341674804574
5.266666666666667,-0.00012646176400067725,0.08503524780273608
5.275,-0.000126876939989612,0.08378356933593523
5.283333333333333,-0.00012727580449875255,0.08249206542968324
5.291666666666667,-0.00012765747157287348,0.08118850708007841
5.3,-0.00012802216180514598,0.07986846923827784
5.308333333333334,-0.00012836942718416757,0.07852157592773068
5.316666666666666,-0.00012869886670192814,0.07716064453124716
5.325,-0.00012901077023540441,0.07578979492187443
5.333333333333333,-0.0001293044697795766,0.0743910217285162
5.341666666666667,-0.00012957982345860973,0.07299636840820511
5.35,-0.00012983692494748087,0.07159042358398438
5.358333333333333,-0.00013007558082349288,0.07016754150390625
5.366666666666666,-0.0001302958062512559,0.06875152587890199
5.375,-0.00013049735033466027,0.06731445312500028
5.383333333333333,-0.00013068020328208538,0.0658830261230463
5.391666666666667,-0.00013084427006339786,0.06444030761718267
5.4,-0.0001309893916128098,0.06301727294921733
5.408333333333333,-0.0001311159194956573,0.061584014892574146
5.416666666666667,-0.00013122388133413325,0.06016265869140369
5.425,-0.00013131328148280666,0.05873779296874915
5.433333333333334,-0.00013138404189617033,0.05732772827148125
5.441666666666666,-0.00013143655905026297,0.05593460083007784
5.45,-0.00013147075452013364,0.05454406738281392
5.458333333333333,-0.0001314870975184005,0.053177032470699714
5.466666666666667,-0.00013148535016338267,0.05183456420898125
5.475,-0.0001314662549033551,0.05049194335937557
5.483333333333333,-0.0001314296109238588,0.04917892456054318
5.491666666666666,-0.0001313759402360458,0.047883758544919885
5.5,-0.00013130529879719618,0.04662002563476619
5.508333333333333,-0.00013121824651684646,0.045379333496093466
5.516666666666667,-0.00013111486355619041,0.044166259765624716
5.525,-0.0001309958114894149,0.04297348022461023
5.533333333333333,-0.00013086111809476107,0.04181365966796591
5.541666666666667,-0.0001307112723077105,0.04067306518554403
5.55,-0.00013054640387503822,0.03958816528319886
5.558333333333334,-0.0001303675393284971,0.03851516723632642
5.566666666666666,-0.00013017455661367238,0.03748565673827642
5.575,-0.00012996816563537532,0.036475830078124716
5.583333333333333,-0.00012974842663975047,0.03550598144531136
5.591666666666667,-0.00012951613844464896,0.034584503173825
5.6,-0.00012927176089650542,0.03368988037109233
5.608333333333333,-0.00012901556770240671,0.03282104492187443
5.616666666666666,-0.0001287477832286078,0.031993865966796875
5.625,-0.0001284691884886694,0.031199340820307953
5.633333333333333,-0.00012818016040331334,0.03045501708984233
5.641666666666667,-0.00012788119404154107,0.029730529785155113
5.65,-0.00012757255050502146,0.029043731689448293
5.658333333333333,-0.00012725479779809163,0.028398284912107385
5.666666666666667,-0.00012692851898785682,0.027783508300778692
5.675,-0.00012659398888524036,0.02720581054687443
5.683333333333334,-0.00012625174660100345,0.026656799316405966
5.691666666666666,-0.00012590204755665667,0.026155853271482954
5.7,-0.00012554568316514833,0.025680847167969034
5.708333333333333,-0.0001251826953706206,0.025240325927732954
5.716666666666667,-0.0001248138254715188,0.02483169555664233
5.725,-0.00012443917267350042,0.024450988769530113
5.733333333333333,-0.00012405930995145191,0.02410873413085568
5.741666666666666,-0.00012367467173400262,0.023800964355466192
5.75,-0.000123285801575184,0.023510742187497158
5.758333333333333,-0.0001228927479419574,0.02326950073241818
5.766666666666667,-0.00012249620093578276,0.023048858642575
5.775,-0.00012209645608012145,0.02286773681640142
5.783333333333333,-0.00012169410390693697,0.022711639404292328
5.791666666666667,-0.00012128921159256125,0.022590789794918464
5.8,-0.00012088246005542207,0.02249847412109318
5.808333333333334,-0.00012047405484727647,0.022436828613280113
5.816666666666666,-0.00012006448767141019,0.022397003173828978
5.825,-0.00011965393672349089,0.022389831542966476
5.833333333333333,-0.00011924301727735165,0.022414703369136646
5.841666666666667,-0.00011883191734491988,0.022460174560542612
5.85,-0.00011842113966045395,0.022552185058593466
5.858333333333333,-0.0001180110381554751,0.022669219970701704
5.866666666666666,-0.00011760205451650159,0.02280761718749602
5.875,-0.00011719442336216214,0.022976379394528124
5.883333333333333,-0.00011678858749677373,0.023169250488280113
5.891666666666667,-0.00011638494617649882,0.023394317626951988
5.9,-0.00011598358382593511,0.023641662597654545
5.908333333333333,-0.00011558506412359638,0.023925323486324146
5.916666666666667,-0.00011518983917509997,0.024241485595702272
5.925,-0.00011479829924247674,0.024571685791016762
5.933333333333334,-0.00011441045641125742,0.02493087768554858
5.941666666666666,-0.00011402685940067227,0.025323181152344887
5.95,-0.00011364788184703716,0.02572845458984574
5.958333333333333,-0.00011327356547356267,0.026156311035151703
5.966666666666667,-0.00011290430229576984,0.026622619628902555
5.975,-0.00011254065790171094,0.027094726562495453
5.983333333333333,-0.00011218242788042418,0.027601470947267615
5.991666666666666,-0.00011183032256051521,0.02812133789062443
6.0,-0.00011148442821123698,0.02867462158202727
6.008333333333333,-0.00011114524073028943,0.029233093261716192
6.016666666666667,-0.00011081264081299313,0.02981201171874659
6.025,-0.00011048704577440616,0.03041122436523125
6.033333333333333,-0.0001101685911129156,0.03102813720703068
6.041666666666667,-0.00010985754667218075,0.03166397094726392
6.05,-0.00010955422484284234,0.03229812622070227
6.058333333333334,-0.0001092585267428378,0.03295349121093949
6.066666666666666,-0.00010897072107913767,0.033615264892574714
6.075,-0.00010869082280527626,0.034290313720703125
6.083333333333333,-0.00010841909891497804,0.034986724853517615
6.091666666666667,-0.00010815581813081846,0.03568069458007983
6.1,-0.00010790079763563608,0.036380615234371305
6.108333333333333,-0.00010765425356290571,0.03708282470702784
6.116666666666666,-0.00010741613165955913,0.03779113769530795
6.125,-0.00010718659608020158,0.038500213623045454
6.133333333333333,-0.0001069655653183387,0.03920379638671534
6.141666666666667,-0.00010675281074102629,0.03992263793945483
6.15,-0.00010654876785855492,0.04062133789062017
6.158333333333333,-0.00010635319277152818,0.04134216308593608
6.166666666666667,-0.00010616630768862791,0.042045135498042896
6.175,-0.00010598781707243045,0.042743682861328125
6.183333333333334,-0.00010581759719880409,0.043445587158203125
6.191666666666666,-0.00010565592144467035,0.04413284301757869
6.2,-0.00010550233986198507,0.044804992675778976
6.208333333333333,-0.00010535682642435463,0.04548187255858949
6.216666666666667,-0.00010521946399260848,0.04615264892577642
6.225,-0.00010509024323587919,0.0468067932128875
6.233333333333333,-0.0001049686245399444,0.04746322631835653
6.241666666666666,-0.00010485497929813081,0.04810012817382869
6.25,-0.00010474888190264487,0.0487222290039071
6.258333333333333,-0.00010465005318388767,0.04934753417968807
6.266666666666667,-0.00010455872291067079,0.049951477050782955
6.275,-0.0001044745357347187,0.05054946899414148
6.283333333333333,-0.00010439747939391974,0.05113281250000057
6.291666666666667,-0.00010432728274366447,0.05170516967773153
6.3,-0.00010426397832741657,0.052260894775386646
6.308333333333334,-0.00010420705870811445,0.052795715332031534
6.316666666666666,-0.00010415645271869604,0.053329162597655966
6.325,-0.00010411213488961378,0.05384750366210511
6.333333333333333,-0.0001040738708313836,0.05435531616210909
6.341666666666667,-0.00010404166145976263,0.05484710693359318
6.35,-0.0001040151391799685,0.05532165527343835
6.358333333333333,-0.00010399410296153845,0.055784301757810795
6.366666666666666,-0.00010397856949753477,0.05624450683593807
6.375,-0.0001039685026356714,0.05667358398437017
6.383333333333333,-0.00010396320605555273,0.05710235595702784
6.391666666666667,-0.00010396290650440239,0.05752716064453267
6.4,-0.00010396757871471434,0.057918395996090055
6.408333333333333,-0.0001039766387143032,0.05830780029296534
6.416666666666667,-0.00010399021764616567,0.05868591308593807
6.425,-0.00010400811155352263,0.05904693603515199
6.433333333333334,-0.0001040300812233547,0.05939590454101307
6.441666666666666,-0.00010405596253308754,0.05973312377929574
6.45,-0.00010408560172750355,0.06004394531250057
6.458333333333333,-0.00010411875466409941,0.06035949707030852
6.466666666666667,-0.00010415548701128776,0.06065002441405909
6.475,-0.00010419533757486936,0.060932006835933805
6.483333333333333,-0.0001042383250034381,0.06120620727539006
6.491666666666666,-0.00010428435122884652,0.06145629882812642
6.5,-0.00010433301938411381,0.06169891357421875
6.508333333333333,-0.00010438429117744952,0.061922454833982954
6.516666666666667,-0.0001044379714408794,0.06213272094726108
6.5249999999999995,-0.0001044939253733059,0.06233612060546534
6.533333333333333,-0.00010455193037839032,0.06252731323242244
6.541666666666667,-0.00010461191570136665,0.06269973754882585
6.55,-0.00010467358973147941,0.06286743164062614
6.558333333333334,-0.00010473699861714062,0.06300430297851278
6.566666666666666,-0.0001048015735162802,0.06314285278320142
6.575,-0.00010486761411556408,0.0632682800292983
6.583333333333333,-0.00010493476136755054,0.06337097167968864
6.591666666666667,-0.00010500273306052001,0.0634649658203088
6.6,-0.00010507136392453243,0.06354705810547046
6.608333333333333,-0.00010514076278439152,0.06361007690429688
6.616666666666666,-0.00010521040544755412,0.06366912841797046
6.625,-0.00010528033694956145,0.06370864868164006
6.633333333333333,-0.00010535052622037444,0.06374359130859375
6.641666666666667,-0.00010542069391874103,0.06375717163086136
6.6499999999999995,-0.00010549049362974053,0.06376449584961108
6.658333333333333,-0.00010556007696005179,0.06375717163086136
6.666666666666667,-0.00010562910589343825,0.06373840332030767
6.675,-0.00010569752259757624,0.06370681762695085
6.683333333333334,-0.0001057650789753699,0.0636749267578125
6.691666666666666,-0.00010583189866635632,0.06362442016601477
6.7,-0.00010589769306658453,0.06356460571289091
6.708333333333333,-0.00010596237381164773,0.06350662231444915
6.716666666666667,-0.00010602592686787535,0.0634245300292946
6.725,-0.00010608810095889259,0.0633374023437483
6.733333333333333,-0.00010614878885980159,0.0632495117187517
6.741666666666666,-0.00010620797744529714,0.06315673828125057
6.75,-0.00010626573840972039,0.0630377197265588
6.758333333333333,-0.00010632150586359936,0.0629281616210946
6.766666666666667,-0.00010637563646026632,0.06280899047851562
6.7749999999999995,-0.00010642785638175796,0.06267715454101364
6.783333333333333,-0.00010647817290321055,0.06254470825194858
6.791666666666667,-0.00010652637737654012,0.06239822387695426
6.8,-0.0001065724213142526,0.06225723266601335
6.808333333333334,-0.00010661651307615335,0.06211074829101193
6.816666666666666,-0.00010665827659732207,0.06196533203124943
6.825,-0.00010669807598855743,0.06180160522460909
6.833333333333333,-0.00010673533033950609,0.06164108276367131
6.841666666666667,-0.00010677042103962069,0.06147567749023608
6.85,-0.00010680305221063526,0.061307373046872726
6.858333333333333,-0.00010683324620277378,0.06113357543944886
6.866666666666666,-0.00010686100165923736,0.060947418212890625
6.875,-0.00010688612209467548,0.0607695007324196
6.883333333333333,-0.00010690887477630781,0.06058395385741733
6.891666666666667,-0.00010692888766854567,0.060393981933593466
6.8999999999999995,-0.0001069462832643818,0.060201110839841476
6.908333333333333,-0.00010696103270884167,0.06000717163085767
6.916666666666667,-0.00010697300108255957,0.05980117797851392
6.925,-0.00010698217206288266,0.05959640502929631
6.933333333333334,-0.00010698846754188439,0.05938522338867358
6.941666666666666,-0.00010699201550545787,0.059160003662107385
6.95,-0.00010699235446701867,0.05894363403319858
6.958333333333333,-0.0001069898221808064,0.05872970581054204
6.966666666666667,-0.00010698438758088853,0.05849761962890199
6.975,-0.00010697592000719675,0.05826004028320142
6.983333333333333,-0.00010696414642775847,0.05802078247069886
6.991666666666666,-0.00010694919900974007,0.057779083251951135
7.0,-0.00010693110100762442,0.05753265380859318
7.008333333333333,-0.0001069096675953335,0.057272186279298865
7.016666666666667,-0.00010688491046334933,0.05701889038085994
7.0249999999999995,-0.00010685677739298078,0.0567501831054642
7.033333333333333,-0.00010682503777275535,0.056487579345699146
7.041666666666667,-0.00010678989697292134,0.056212921142574146
7.05,-0.0001067511944945103,0.055927734374996874
7.058333333333334,-0.00010670876316954202,0.05564773559569858
7.066666666666666,-0.00010666273351517741,0.05536849975585767
7.075,-0.00010661312518446868,0.05507110595703324
7.083333333333333,-0.00010655961710227619,0.05477462768554631
7.091666666666667,-0.00010650228460625839,0.05446777343750142
7.1,-0.00010644109190878945,0.05416183471679403
7.108333333333333,-0.00010637596542734374,0.0538420104980446
7.116666666666666,-0.00010630675085971325,0.05352783203125
7.125,-0.00010623356830560246,0.05320816040038778
7.133333333333333,-0.00010615641139659784,0.05289031982421477
7.141666666666667,-0.00010607518622118595,0.05257263183593608
7.1499999999999995,-0.00010599017837733465,0.052243652343747726
7.158333333333333,-0.00010590086868493665,0.05191238403320142
7.166666666666667,-0.00010580748749839536,0.05158508300780795
7.175,-0.0001057100411467016,0.051246185302730396
7.183333333333334,-0.00010560837155127833,0.050918884277344034
7.191666666666666,-0.00010550278102040302,0.05057159423827784
7.2,-0.00010539271955032142,0.05024780273437557
7.208333333333333,-0.00010527884493228092,0.04990890502929801
7.216666666666667,-0.00010516071093136574,0.04957458496093636
7.225,-0.00010503849334584877,0.04925018310546392
7.233333333333333,-0.00010491248970728673,0.048910369873048865
7.241666666666666,-0.0001047822419752988,0.04857711791991903
7.25,-0.00010464797803626126,0.0482492065429696
7.258333333333333,-0.00010450976051071689,0.04792327880858949
7.266666666666667,-0.00010436767714052181,0.04759506225585852
7.2749999999999995,-0.00010422155991339237,0.04728240966796449
7.283333333333333,-0.00010407176026900472,0.04696807861328267
7.291666666666667,-0.0001039181713405507,0.046657409667965055
7.3,-0.00010376096450520839,0.04635406494140426
7.308333333333334,-0.0001036000493576233,0.04605545043945369
7.316666666666666,-0.00010343569319211833,0.045746154785156534
7.325,-0.00010326753584345298,0.045461730957029545
7.333333333333333,-0.00010309605673637525,0.04517486572265739
7.341666666666667,-0.00010292120360373686,0.04489685058593551
7.35,-0.00010274304342147088,0.0446310424804679
7.358333333333333,-0.00010256192585523064,0.04436416625976136
7.366666666666666,-0.00010237747819924106,0.044097900390625
7.375,-0.00010219003151244812,0.043855590820314205
7.383333333333333,-0.00010199972273052602,0.04359909057617273
7.391666666666667,-0.00010180644418917761,0.043365783691406534
7.3999999999999995,-0.00010161050870530195,0.04313644409179318
7.408333333333333,-0.00010141185046593643,0.042923278808594034
7.416666666666667,-0.00010121091867748508,0.04272140502929744
7.425,-0.0001010076222832972,0.04251083374023068
7.433333333333334,-0.00010080173135851287,0.04231918334960483
7.441666666666666,-0.00010059382008287558,0.042146453857419885
7.45,-0.00010038403484201642,0.04196868896484318
7.458333333333333,-0.0001001722100810018,0.04180435180663977
7.466666666666667,-9.99585258311203e-05,0.0416574096679696
7.475,-9.974329712679943e-05,0.04153015136718352
7.483333333333333,-9.952675496059809e-05,0.04140045166015227
7.491666666666666,-9.930873423176544e-05,0.04128479003906449
7.5,-9.90895266274385e-05,0.04118240356444858
7.508333333333333,-9.886922805079989e-05,0.04109863281249915
7.516666666666667,-9.864817313594442e-05,0.04101638793945028
7.5249999999999995,-9.842621942144528e-05,0.04095916748046591
7.533333333333333,-9.82038966715915e-05,0.04090805053710511
7.541666666666667,-9.798106684358729e-05,0.04086547851562017
7.55,-9.775792657143963e-05,0.040853118896485796
7.558333333333334,-9.753492138209778e-05,0.040845947265623295
7.566666666666666,-9.731194572038073e-05,0.04085662841796989
7.575,-9.708939066387711e-05,0.040877990722655966
7.583333333333333,-9.686724048948802e-05,0.040928344726559374
7.591666666666667,-9.664601428287048e-05,0.04097122192382585
7.6,-9.642525711803936e-05,0.041042785644528124
7.608333333333333,-9.620575218583978e-05,0.04113479614257898
7.616666666666666,-9.598761383682814e-05,0.0412435913085929
7.625,-9.577096761597346e-05,0.041368865966795454
7.633333333333333,-9.555601253743011e-05,0.04150512695312614
7.641666666666667,-9.534280961033671e-05,0.041661682128903976
7.6499999999999995,-9.513176735355472e-05,0.04184280395507756
7.658333333333333,-9.492314684904169e-05,0.04202880859374858
7.666666666666667,-9.471687197068459e-05,0.04223266601562159
7.675,-9.451322934965531e-05,0.0424508666992196
7.683333333333334,-9.431240933449936e-05,0.04270324707031392
7.691666666666666,-9.41148866561958e-05,0.042949676513671875
7.7,-9.392041986530672e-05,0.043227691650386646
7.708333333333333,-9.372945477541738e-05,0.04352890014648381
7.716666666666667,-9.35423481187055e-05,0.04383895874023125
7.725,-9.335905673056686e-05,0.04416351318359091
7.733333333333333,-9.317991801043659e-05,0.04450973510741818
7.741666666666666,-9.300502357263277e-05,0.04486938476562585
7.75,-9.283454328641393e-05,0.045250244140625284
7.758333333333333,-9.266895208315814e-05,0.04564224243164006
7.766666666666667,-9.25080359697162e-05,0.04605987548828239
7.7749999999999995,-9.235231851772326e-05,0.04647277832031449
7.783333333333333,-9.220168151648065e-05,0.04691802978515369
7.791666666666667,-9.205650435966533e-05,0.047376708984373295
7.8,-9.191689792699086e-05,0.047843627929687216
7.808333333333334,-9.178311308007198e-05,0.048322296142579546
7.816666666666666,-9.165508754249353e-05,0.04882263183593949
7.825,-9.153318071732314e-05,0.04933517456054659
7.833333333333333,-9.141752384282912e-05,0.04985595703124801
7.841666666666667,-9.130811800149391e-05,0.05039627075195341
7.85,-9.120537999998664e-05,0.05094253540038807
7.858333333333333,-9.11091909040373e-05,0.05150238037109034
7.866666666666666,-9.101978367980518e-05,0.05206924438476079
7.875,-9.093712857052082e-05,0.05265945434570085
7.883333333333333,-9.086157423163008e-05,0.05324356079101733
7.891666666666667,-9.079300304459655e-05,0.05383773803711023
7.8999999999999995,-9.07314786426344e-05,0.05445190429687585
7.908333333333333,-9.067736252560766e-05,0.05507217407226506
7.916666666666667,-9.063077141600695e-05,0.055694122314449146
7.925,-9.059145499756522e-05,0.056325988769529545
7.933333333333334,-9.055973102241447e-05,0.05696960449218835
7.941666666666666,-9.053567768225455e-05,0.05760345458984517
7.95,-9.05190677723939e-05,0.05826110839843324
7.958333333333333,-9.05102415586286e-05,0.05890762329101307
7.966666666666667,-9.050907508111187e-05,0.05957794189453125
7.975,-9.051587943035566e-05,0.06022903442382699
7.983333333333333,-9.053017949840095e-05,0.06090270996093494
7.991666666666666,-9.055247726801039e-05,0.06156478881835881
8.0,-9.058254367751751e-05,0.06224197387695085
8.008333333333333,-9.062053682110421e-05,0.06291839599609261
8.016666666666666,-9.066648751009793e-05,0.06358947753906108
8.025,-9.072024930794661e-05,0.06426162719726136
8.033333333333333,-9.078177090678841e-05,0.06493972778320511
8.041666666666666,-9.085131142565745e-05,0.0656190490722608
8.05,-9.092863250651482e-05,0.06628936767577898
8.058333333333334,-9.101367835141397e-05,0.06695938110351562
8.066666666666666,-9.110651868355954e-05,0.06763122558593437
8.075,-9.12070309656082e-05,0.06829605102539205
8.083333333333334,-9.131518360188448e-05,0.06896667480468466
8.091666666666667,-9.14311166449221e-05,0.06961349487304602
8.1,-9.155439080149098e-05,0.07026611328124943
8.108333333333333,-9.168510075595431e-05,0.07091964721679744
8.116666666666667,-9.182321039134224e-05,0.07155853271483892
8.125,-9.19686177670453e-05,0.07218887329101165
8.133333333333333,-9.212115965489238e-05,0.0728158569335946
8.141666666666666,-9.228077119135165e-05,0.07342880249023409
8.15,-9.244725563153962e-05,0.0740400695800787
8.158333333333333,-9.262060353289116e-05,0.0746397399902321
8.166666666666666,-9.280066316224615e-05,0.07523239135741733
8.175,-9.298735316587336e-05,0.07581222534179233
8.183333333333334,-9.318043635281083e-05,0.07637573242187301
8.191666666666666,-9.337969241323832e-05,0.07693313598633011
8.2,-9.358510922302367e-05,0.07747482299804886
8.208333333333334,-9.379641602767826e-05,0.07800033569336051
8.216666666666667,-9.401335691044344e-05,0.07851440429687528
8.225,-9.423602471595501e-05,0.0790109252929696
8.233333333333333,-9.446396737555445e-05,0.07948974609374915
8.241666666666667,-9.469695173993109e-05,0.07996093749999744
8.25,-9.493507151116504e-05,0.08041091918945398
8.258333333333333,-9.51778080988474e-05,0.08084655761718551
8.266666666666666,-9.542513747400287e-05,0.0812664794921858
8.275,-9.56768310661066e-05,0.08166168212890312
8.283333333333333,-9.593251207927525e-05,0.08203552246093437
8.291666666666666,-9.619196859744474e-05,0.08238967895507443
8.3,-9.645494665528161e-05,0.08272201538085966
8.308333333333334,-9.67211238643765e-05,0.08303878784179375
8.316666666666666,-9.699031279100208e-05,0.08333236694335966
8.325,-9.726231921825737e-05,0.08359832763671449
8.333333333333334,-9.753664307866749e-05,0.08385116577148466
8.341666666666667,-9.781326557580324e-05,0.08407714843750114
8.35,-9.809167341093593e-05,0.08428207397460596
8.358333333333333,-9.837174697221733e-05,0.08445892333984517
8.366666666666667,-9.865316777655235e-05,0.08462249755859119
8.375,-9.893563487328369e-05,0.084755401611325
8.383333333333333,-9.921880064591873e-05,0.08486892700194915
8.391666666666666,-9.950247888776257e-05,0.0849510192871108
8.4,-9.978620957662087e-05,0.0850238037109392
8.408333333333333,-0.00010007000284331399,0.08505676269530937
8.416666666666666,-0.00010035326881456659,0.0850704956054642
8.425,-0.0001006356967530287,0.08504669189453296
8.433333333333334,-0.00010091693257195211,0.08501602172851364
8.441666666666666,-0.00010119700262461054,0.08494674682616932
8.45,-0.00010147515269997196,0.08486251831054403
8.458333333333334,-0.00010175142705333606,0.0847491455078142
8.466666666666667,-0.00010202546907407861,0.0846081542968733
8.475,-0.00010229674678530994,0.08445968627929545
8.483333333333333,-0.0001025653919952853,0.08425964355468807
8.491666666666667,-0.00010283052840488425,0.08405364990234432
8.5,-0.00010309233975934499,0.08381454467773608
8.508333333333333,-0.00010335020803017122,0.08355651855468693
8.516666666666666,-0.00010360406277633608,0.08326644897460511
8.525,-0.00010385339469805406,0.08296264648437557
8.533333333333333,-0.00010409810802847945,0.0826316833496108
8.541666666666666,-0.00010433779646874336,0.08227416992187386
8.55,-0.00010457229976709076,0.08188873291015142
8.558333333333334,-0.00010480112847225939,0.08149887084960739
8.566666666666666,-0.00010502442307700343,0.08107025146484403
8.575,-0.00010524143093570172,0.0806230163574213
8.583333333333334,-0.0001054521637421216,0.0801643371582017
8.591666666666667,-0.0001056564733760319,0.07967132568359148
8.6,-0.00010585376339780885,0.07916748046874744
8.608333333333333,-0.00010604415341601538,0.07864639282226449
8.616666666666667,-0.00010622730247495764,0.07808975219726477
8.625,-0.00010640274706435102,0.07752883911132358
8.633333333333333,-0.00010657054927006749,0.0769482421874983
8.641666666666666,-0.00010673038018087855,0.0763388061523429
8.65,-0.00010688191692380377,0.07571456909179375
8.658333333333333,-0.00010702510884638422,0.07507995605468665
8.666666666666666,-0.00010715968579614918,0.0744252014160125
8.675,-0.0001072855806772547,0.07375717163085938
8.683333333333334,-0.00010740239845259176,0.0730752563476571
8.691666666666666,-0.00010751015823232876,0.07238006591796875
8.7,-0.00010760864809547379,0.07166976928710511
8.708333333333334,-0.00010769770091182673,0.07094070434570199
8.716666666666667,-0.00010777701088994762,0.07019622802734204
8.725,-0.00010784657929218509,0.06943756103515142
8.733333333333333,-0.00010790600485674533,0.06867736816406023
8.741666666666667,-0.0001079556109469289,0.06791275024414034
8.75,-0.0001079951914680949,0.06713317871093949
8.758333333333333,-0.00010802438299277199,0.06634597778320028
8.766666666666666,-0.00010804344822910541,0.06554504394531335
8.775,-0.00010805199030847175,0.06474517822265824
8.783333333333333,-0.0001080501027686898,0.0639387512207037
8.791666666666666,-0.00010803781512095822,0.0631202697753892
8.8,-0.0001080147317039748,0.062308959960937216
8.808333333333334,-0.0001079813354289351,0.06148941040039091
8.816666666666666,-0.0001079372258832766,0.0606617736816375
8.825,-0.00010788244157232955,0.059835510253904545
8.833333333333334,-0.0001078169902073442,0.05901123046874801
8.841666666666667,-0.000107741002486169,0.05818328857422017
8.85,-0.00010765436039850414,0.05736221313476619
8.858333333333333,-0.0001075571927761888,0.056539154052735796
8.866666666666667,-0.00010744947250624037,0.05572494506835568
8.875,-0.0001073312636481313,0.05490722656249858
8.883333333333333,-0.00010720265812006317,0.05409378051757585
8.891666666666666,-0.00010706362688391011,0.05329406738280795
8.9,-0.00010691456100494112,0.05248870849609233
8.908333333333333,-0.00010675511743477237,0.051700592041015625
8.916666666666666,-0.00010658571412086826,0.050916137695310226
8.925,-0.00010640634658792756,0.05013534545898324
8.933333333333334,-0.00010621689172040699,0.04937057495116903
8.941666666666666,-0.00010601794572385787,0.048622589111325
8.95,-0.0001058094702342147,0.04787094116210966
8.958333333333334,-0.00010559153470036561,0.04714126586913636
8.966666666666667,-0.0001053643052464098,0.046422424316403976
8.975,-0.00010512814646771696,0.04572006225586023
8.983333333333333,-0.00010488304857430908,0.04502807617187443
8.991666666666667,-0.00010462918593209991,0.04435089111328239
